Snow,256,-1408
Onibi,256,-1280
Slime,2304,-1408
Karakasa,2688,-1344
Karakasa,2816,-1344
Karakasa,2944,-1344
Snow,3008,-896
Snow,3008,-256
SkullSwordMan,4288,-320
SkullSwordMan,4480,-320
Slime,5184,-896
Snow,6720,-384
Snow,6720,-576
Snow,6720,-768
SkullSwordMan,6720,-896
SkullSwordMan,5632,-1408
Slime,5952,-1408
Snow,5056,-1344
SkullSwordMan,4736,-1408
Snow,4416,-1344
Karakasa,576,-1728
Karakasa,768,-1728
Karakasa,960,-1728
SkullSwordMan,2240,-1792
SkullSwordMan,1984,-1792
Snow,896,-960
